0,1,2,3,4
An Education,http://www.imdb.com/title/tt1174732/,http://technoir.nl/post/92421448058/july2014-aneducation,"'If you never do anything, you never become anyone.'
An Education (2009)",http://38.media.tumblr.com/8b0c1b16107eb7fa42676a299caa790c/tumblr_n921qrMC0z1qghl49o1_r1_500.gif
The Deer Hunter,http://www.imdb.com/title/tt0077416/,http://technoir.nl/post/92332999778/july2014-thedeerhunter,"'A deer has to be taken with one shot. I try to tell people that but they don't listen.'
The Deer Hunter (1978)",http://37.media.tumblr.com/7676ad4930cbe51a00fce9fc7931bbbf/tumblr_n90hzdgYjY1qghl49o1_500.gif
Under the Skin,http://www.imdb.com/title/tt1441395/,http://technoir.nl/post/91185557623/july2014-undertheskin,"'Will You Come With Me?&#8217;
Under the Skin (2013)",http://38.media.tumblr.com/712b6108d532ea23eb94124eb55aefd5/tumblr_n8exg9v5sC1qghl49o1_500.gif
Tracks,http://www.imdb.com/title/tt2167266/,http://technoir.nl/post/90965092853/july2014-tracks,"'Some nomads are at home everywhere. Others are at home nowhere, and I was one of those'
Tracks (2013)",http://37.media.tumblr.com/10a045b0dcec77597ff7d335f555abaa/tumblr_n8azhzKdIz1qghl49o1_500.gif
Ida,http://www.imdb.com/title/tt2718492/,http://technoir.nl/post/90874953163/july2014-ida,"'You have no idea of the effect you have, do you?' 
Ida (2013)",http://33.media.tumblr.com/5c571312ff3d1e410bb2043f045d61e5/tumblr_n8998w5t8f1qghl49o1_500.gif
Her,http://www.imdb.com/title/tt1798709/,http://technoir.nl/post/90196444478/june2014-her,"'I’m trying to write a piece of music that’s about what it feels like to be on the beach with you right now. &#8230; I think you captured it.'
Her (2013)",http://33.media.tumblr.com/695ccecee64130f06aab3e3b6c5deb09/tumblr_n7wiwvCUqJ1qghl49o1_500.gif
Only Lovers Left Alive,http://www.imdb.com/title/tt1714915/,http://technoir.nl/post/89395138573/june2014-onlyloversleftalive,"'Love alters not with its brief hours and weeks.'
Only Lovers Left Alive (2013)",http://37.media.tumblr.com/366f53e3fe688c737520bb12f2ec6ed6/tumblr_n7hlw7dbxw1qghl49o1_500.gif
The Grand Budapest Hotel,http://www.imdb.com/title/tt2278388/,http://technoir.nl/post/88122606778/june2014-thegrandbudapesthotel2,"'For my dearest darling, treasured, cherished Agatha whom I worship. With respect, adoration, admiration, kisses, gratitude, best wishes, and love from Z to A.'
The Grand Budapest Hotel (2014)",http://33.media.tumblr.com/7c6e670462dd37888ef8f26c80a19358/tumblr_n6tmp9RiK41qghl49o1_r3_500.gif
The Grand Budapest Hotel,http://www.imdb.com/title/tt2278388/,http://technoir.nl/post/88113777168/june2014-thegrandbudapesthotel,"'We were escorted through a green baize door, down a narrow service corridor and into the butlers pantry'
The Grand Budapest Hotel (2014)",http://38.media.tumblr.com/9308a837c76e8b6ace9d48068e91b241/tumblr_n6tjjiDl9a1qghl49o1_500.gif
Serenity,http://www.imdb.com/title/tt0379786/,http://technoir.nl/post/87479810428/june2014-serenity,"'Do we have a kill order?'
Serenity (2005)",http://38.media.tumblr.com/dce63ea5c514a8adcdb3ac92446505c2/tumblr_n6hj6azpoY1qghl49o1_500.gif
Gravity,http://www.imdb.com/title/tt1454468/,http://technoir.nl/post/87337559973/may2014-gravity,"'I know, we're all gonna die. Everybody knows that. But I'm going to die today. Funny that&#8230; you know, to know' 
Gravity (2013)",http://38.media.tumblr.com/a47d3b1f892f318498d190d9e1770d29/tumblr_n6el1sF4sn1qghl49o1_r1_500.gif
The Congress,http://www.imdb.com/title/tt1821641/,http://technoir.nl/post/87210586823/may2014-thecongress,"'How do I know if I'm dreaming?'
The Congress (2013)",http://38.media.tumblr.com/c7620c2398fb5e0250f5b6aede4b23af/tumblr_n6cfu1UJ5Z1qghl49o1_500.gif
Starman,http://www.imdb.com/title/tt0088172/,http://technoir.nl/post/87120619553/may2014-starman,"'Where? Which way?'
Starman (1984)",http://33.media.tumblr.com/f8883b7fb2bb63b4d39e3eb19c5d5b00/tumblr_n5qov6GRit1qghl49o1_500.gif
Batman,http://www.imdb.com/title/tt0096895/,http://technoir.nl/post/86518642328/may2014-batman,"'Why didn't somebody tell me he had one of those&#8230; things?'
Batman (1989)",http://38.media.tumblr.com/d414ad2529b524137c4968b111c8c6fd/tumblr_n5w48orVhj1qghl49o1_500.gif
Weekend,http://www.imdb.com/title/tt0062480/,http://technoir.nl/post/86329142483/may2014-weekend,"'Ancient ocean, I lack the power to continue, I feel the moment has come to return to the brutal land of men. Let us make a supreme effort and, conscious of our duty, fulfil our destiny on this earth.'
Weekend (1967)",http://37.media.tumblr.com/7343eef3f7f12e473f3403b1902c8c90/tumblr_n5vzooN2oP1qghl49o1_500.gif
Fish Tank,http://www.imdb.com/title/tt1232776/,http://technoir.nl/post/85944898303/may2014-fishtank,"'I want you to move towards me slowly.&#8217;
Fish Tank (2009)",http://37.media.tumblr.com/91effcd4b99f7efa0d64f42558e4318b/tumblr_n5orbhWJcp1qghl49o1_r1_500.gif
Her,http://www.imdb.com/title/tt1798709/,http://technoir.nl/post/84442844213/may2014-her,"'The past is just a story we tell ourselves.'
Her (2013)",http://37.media.tumblr.com/658840b7907bf0d9314c6a3e9442bfd5/tumblr_n4wslexP1O1qghl49o1_500.gif
Snowpiercer,http://www.imdb.com/title/tt1706620/,http://technoir.nl/post/83743732387/april2014-snowpiercer,"'When was the last time you were alone? You can't remember, can you? So please do. Take your time.'
Snowpiercer (2013)",http://38.media.tumblr.com/25044354e13d202002650d2a80328578/tumblr_n4jxazBL4F1qghl49o1_500.gif
Tron,http://www.imdb.com/title/tt0084827/,http://technoir.nl/post/83559374770/april2014-tron,"'This town is full of live ones.'
Tron (1982)",http://38.media.tumblr.com/58aaeaac47ba5e31c7765115f58cca4a/tumblr_n4gfio29NR1qghl49o1_r1_500.gif
Interview With The Vampire,http://www.imdb.com/title/tt0110148/,http://technoir.nl/post/83136133339/april2014-interviewwiththevampire,"'The world changes, we do not, there lies the irony that finally kills us.'
Interview With The Vampire (1994)",http://37.media.tumblr.com/fad40d52f789123bf03cef36162c6eca/tumblr_n48xxw9ovD1qghl49o1_500.gif
Planet Terror,http://www.imdb.com/title/tt1077258/,http://technoir.nl/post/82926235395/april2014-planetterror,"'I was going to be a stand-up comedian.'
Planet Terror (2007)",http://31.media.tumblr.com/6f776e1d3da978450a2b22a9a680fc48/tumblr_n4573ufUap1qghl49o1_500.gif
Fish Tank,http://www.imdb.com/title/tt1232776/,http://technoir.nl/post/82616445759/april2014-fishtank,"'Life's a bitch and then you die.' 

Fish Tank (2009)",http://31.media.tumblr.com/89c000d4ad5b62e00ad4ef60965edb4f/tumblr_n3zlsg6Sqi1qghl49o1_500.gif
The Thin Red Line,http://www.imdb.com/title/tt0120863/,http://technoir.nl/post/81915907088/april2014-thethinredline,"'This great evil. Where does it come from? How'd it steal into the world? What seed, what root did it grow from? Who's doin' this? Who's killin' us? Robbing us of life and light. Mockin' us with the sight of what we might've known.'
The Thin Red Line (1998)",http://38.media.tumblr.com/624a19cafd41436ec287b3e492dfd910/tumblr_n3mjfk37DN1qghl49o1_r1_500.gif
2001: A Space Odyssey,http://www.imdb.com/title/tt0062622/,http://technoir.nl/post/81123293100/march2014-2001aspaceoddysey,"'Jupiter and beyond the infinite'
2001: A Space Odyssey (1968)",http://37.media.tumblr.com/414c6d09204aba6b054341b45b68758d/tumblr_n381ofewGD1qghl49o1_r1_500.gif
Snowpiercer,http://www.imdb.com/title/tt1706620/,http://technoir.nl/post/80390119891/march2014-snowpiercer,"'Your story is so beautiful, Curtis. But I don't want to open the door. You know what I want? I want to open a door. &#8230; The one that leads to the outside.'
Snowpiercer (2013)",http://37.media.tumblr.com/95639a81b80a3d76d6f5d0fe5c1f321f/tumblr_n2usyeLd481qghl49o1_500.gif
Dogma,http://www.imdb.com/title/tt0120655/,http://technoir.nl/post/80088564586/march2014-dogma,"'I hate you. &#8230; He can't hear you, you know.'
Dogma (1999)",http://38.media.tumblr.com/905f57cab857ae06feedbcf51f72982c/tumblr_n2jjwhR0xR1qghl49o1_500.gif
Star Wars: Episode V - The Empire Strikes Back,http://www.imdb.com/title/tt0080684/,http://technoir.nl/post/79774841346/march2014-starwarsepisodevtheempirestrikesback,"'The force is with you, young Skywalker, but you are not a Jedi yet.'
Star Wars: Episode V - The Empire Strikes Back (1980)",http://38.media.tumblr.com/b4f2ffad5330697e7658f9bff7fa725a/tumblr_n2jgg6qM5h1qghl49o1_500.gif
Tron,http://www.imdb.com/title/tt0084827/,http://technoir.nl/post/79199313834/march2014-tron,"'On the other side of the screen, it all looks so easy.'
Tron (1982)",http://33.media.tumblr.com/e7a8577647b0d7b27d9724ae8bd74dfb/tumblr_n28pl3sVs71qghl49o1_500.gif
The Shining,http://www.imdb.com/title/tt0081505/,http://technoir.nl/post/77298545447/february2014-theshining,"'The site is supposed to be located on an Indian burial ground, and I believe they actually had to repel a few Indian attacks as they were building it.'
The Shining (1980)",http://33.media.tumblr.com/b216ded003acdcf53f645e732ddd1d90/tumblr_n17t7yJaeE1qghl49o1_r3_500.gif
The American,http://www.imdb.com/title/tt1440728/,http://technoir.nl/post/77097463827/february2013-theamerican,"'So beautiful. &#8230; Endangered.'
The American (2010)",http://31.media.tumblr.com/f8fb3173d5cf9b1cec7101a10ddf71b0/tumblr_n17lm74teL1qghl49o1_500.gif
The Master,http://www.imdb.com/title/tt1560747/,http://technoir.nl/post/76743954101/february2014-themaster,"'Free winds and no tyranny for you, Freddie, sailor of the seas. You pay no rent, free to go where you please. Then go, go to that landless latitude and good luck. If you figure a way to live without serving a master, any master, then let the rest of us know, will you? For you'd be the first in the history of the world.' 
The Master (2012)",http://37.media.tumblr.com/9b1364931890286c76f0f4ee7fbdc420/tumblr_n11rlcLQlE1qghl49o1_r1_500.gif
http://www.imdb.com/title/tt0060827/,http://Persona,http://technoir.nl/post/76546322045/february2014-persona,"'To change oneself. My trouble is laziness.'
Persona (1966)",http://37.media.tumblr.com/c9a5dc79cb114b7cfd74c6945848e124/tumblr_n0y6vfhSbI1qghl49o1_r1_500.gif
Gattaca,http://www.imdb.com/title/tt0119177/,http://technoir.nl/post/75531614419/february2014-gattaca,"'I made up my mind to resort to more extreme measures.' 
Gattaca (1997)",http://33.media.tumblr.com/161246cf2ef74df7202d7de108cc40ab/tumblr_n0g30iEkNQ1qghl49o1_500.gif
The Life Aquatic with Steve Zissou,http://www.imdb.com/title/tt0362270/,http://technoir.nl/post/74538920986/january2014-thelifeaquaticwithstevezissou,"'Sorry about that. You caught me with one foot off the merry-go-round tonight.'
The Life Aquatic with Steve Zissou (2004)",http://38.media.tumblr.com/ac1f6b731f8a82540a12ba322276451b/tumblr_mzzbtnhKZL1qghl49o1_500.gif
,http://www.imdb.com/title/tt1951264/,http://technoir.nl/post/74197570726/january2014-thehungergamescatchingfire,"'Since the last games, something is different. I can see it. &#8230; What can you see? &#8230; Hope.' 
The Hunger Games: Catching Fire (2013)",http://33.media.tumblr.com/0e706ce1de943ab08176912d13b821d0/tumblr_mztjwvtFaQ1qghl49o1_r2_500.gif
France Ha,http://www.imdb.com/title/tt2347569/,http://technoir.nl/post/73537307895/january2014-francesha,"'Sometimes it's good to do what you're supposed to do when you're supposed to do it.'
Frances Ha (2012)",http://33.media.tumblr.com/ecc8cdaf7814815d84df347b6180f623/tumblr_mzigbsqp421qghl49o1_500.gif
Submarine,http://www.imdb.com/title/tt1440292/,http://technoir.nl/post/72804092928/january2014-submarine,"'Every night I come to the same place and wait till the sky catches up with my mood.'
Submarine (2010)",http://37.media.tumblr.com/da195950d1e55c7611bedfddeb2f180b/tumblr_mz5nu1U1MC1qghl49o1_500.gif
The Third Man,http://www.imdb.com/title/tt0041959/,http://technoir.nl/post/72000208064/januari2014-thethirdman,"'One can't just leave.'
The Third Man (1949)",http://38.media.tumblr.com/5252d10b80e344a993e33d807b3e72d5/tumblr_myslfpeIB31qghl49o1_r2_500.gif
Byzantium,http://www.imdb.com/title/tt1531901/,http://technoir.nl/post/71341663358/december2013-byzantium,"'Only those prepared to die will find eternal life.'
Byzantium (2013)",http://33.media.tumblr.com/9abfdfa9e5792fc3b74155c2397de4eb/tumblr_mya6hrlAQE1qghl49o1_r2_500.gif
Nausicaä of the Valley of the Wind,http://www.imdb.com/title/tt0087544/,http://technoir.nl/post/70791712173/december2013-nausicaaofthevalleyofthewind,"'Who made such a terrible mess of the world?'
Nausicaä of the Valley of the Wind (1984)",http://38.media.tumblr.com/36f7ac50a36fadcf98a30e9c6bd8870f/tumblr_my7t6ibX601qghl49o1_500.gif
The Tree of Life,http://www.imdb.com/title/tt0478304/,http://technoir.nl/post/70117440276/december2013-thetreeoflife,"'Help each other. Love everyone. Every leaf. Every ray of light. Forgive.'
The Tree of Life (2011)",http://38.media.tumblr.com/2d7ea67070729cf2d82653a47a2ad3f1/tumblr_mxnx54Lkyz1qghl49o1_r5_500.gif
Blade Runner,http://www.imdb.com/title/tt0083658/,http://technoir.nl/post/69907525788/december2013-bladerunner,"'Not very sporting to fire on an unarmed opponent. I thought you were supposed to be good. Aren't you the &#8220;good&#8221; man? C'mon, Deckard. Show me what you're made of.'
Blade Runner (1982)",http://31.media.tumblr.com/f7afa928708043970523fac9958d9289/tumblr_mvpl7zMbmA1qghl49o1_500.gif
,http://www.imdb.com/title/tt1549572/,http://technoir.nl/post/69607844340/december2013-anotherearth,"'Keep your mind clear. And that&#8217;s it. You will have peace of mind. My dear, don&#8217;t worry. Learn to adjust yourself.&#8217;
Another Earth (2011)",http://38.media.tumblr.com/63731827cb8a04e925e12b9089b83e6a/tumblr_mxltz35zQg1qghl49o1_r2_500.gif
Hero,http://www.imdb.com/title/tt0299977/,http://technoir.nl/post/69383811435/december2013-hero,"'We stood facing each other for a long time, neither of us made a move, while our battle unfolded in the depths of our minds.'
Hero (2002)",http://38.media.tumblr.com/c6d37d8873ffae614201bdf1406cf53c/tumblr_mxhxvakqG31qghl49o1_r1_500.gif
Vertigo,http://www.imdb.com/title/tt0052357/,http://technoir.nl/post/68196616997/november2013-vertigo,"'I'm not mad. I don't want to die. There's someone within me and she says I must die.'
Vertigo (1958)",http://38.media.tumblr.com/23239b9d4cec811b488fd28d9d823221/tumblr_mww4ecyBR41qghl49o1_500.gif
Hunger,http://www.imdb.com/title/tt0986233/,http://technoir.nl/post/67685723797/november2013-hunger,"'Maybe it’s impossible for a man like you to understand. But having a respect for my life, a desire for freedom, and an unyielding love for that belief means I can see past any doubts I may have. Putting my life on the line is not just the only thing I can do, Dom. It’s the right thing.'
Hunger (2008)",http://38.media.tumblr.com/debcc62d9b927a01afea7301e749c7a0/tumblr_mwizlfptdT1qghl49o1_500.gif
Submarine,http://www.imdb.com/title/tt1440292/,http://technoir.nl/post/67186735142/november2013-submarine,"'I wish my life could be more like American soap operas. Then, whenever things got dramatic, you could just fade the picture down and pick things up later.'
Submarine (2010)",http://31.media.tumblr.com/556c6e8fb63ed1cfdb5fae9dfc6e5569/tumblr_mwdkrd3Rkv1qghl49o1_r1_500.gif
Blade Runner,http://www.imdb.com/title/tt0083658/,http://technoir.nl/post/66215147899/november2013-bladerunner,"'Los Angeles 
November, 2019&#8217;
Blade Runner (1982)",http://37.media.tumblr.com/4cc9a83b11a2af4eed2236ad575c6396/tumblr_mvpdb6Y3Yv1qghl49o1_r10_500.gif
Brick,http://www.imdb.com/title/tt0393109/,http://technoir.nl/post/65899703987/november2013-brick,"'Don't&#8230; &#8230; It's done.'
Brick (2005)",http://37.media.tumblr.com/7fdc0480e1c08691705ee1425deedd06/tumblr_mvp3z3MQvn1qghl49o1_500.gif
Rushmore,http://www.imdb.com/title/tt0128445/,http://technoir.nl/post/64892498133/october2013-rushmore,"'So you were in Vietnam? &#8230; Yeah. &#8230; Were you in the shit? &#8230; Yeah, I was in the shit.'
Rushmore (1998)",http://37.media.tumblr.com/a2939c5e3f9e2f33d851426fb417f8cc/tumblr_mv5348v8GT1qghl49o1_500.gif
Spring Breakers,http://www.imdb.com/title/tt2101441/,http://technoir.nl/post/64519488569/october2013-springbreakers,"'Spring break forever.'
Spring Breakers (2012)",http://38.media.tumblr.com/d66ddba53d3e3aeee414a6b1c17bf298/tumblr_muxu9dqI161qghl49o1_r1_500.gif
The Hunger Games,http://www.imdb.com/title/tt1392170/,http://technoir.nl/post/64137519348/october2013-thehungergames,"'How long was I asleep?'
The Hunger Games (2012)",http://33.media.tumblr.com/f51f1c7e70baba380a8339db979325cc/tumblr_muq79dzIMp1qghl49o1_500.gif
The Thin Red Line,http://www.imdb.com/title/tt0120863/,http://technoir.nl/post/63824606645/october2013-thethinredline,"'What's this war in the heart of nature? Why does nature vie with itself? The land contend with the sea? Is there an avenging power in nature? Not one power, but two?'
The Thin Red Line (1998)",http://38.media.tumblr.com/0005b01489262c278f5f662a9361c870/tumblr_muk9ap4I6Q1qghl49o1_500.gif
Hero,http://www.imdb.com/title/tt0299977/,http://technoir.nl/post/63480953570/october2013-hero,"'Snow knew I had been rootless since childhood living nowhere and everywhere. She often said to me, once we had succeeded in killing the king, she would take me back to her home. She said no swords existed there, and no swordsman. There would be only a man and a woman.'
Hero (2002)",http://38.media.tumblr.com/c2508ee26247d64b848c60716839cf0c/tumblr_mu91tkAuG41qghl49o1_r2_500.gif
Eternal Sunshine of the Spotless Mind,http://www.imdb.com/title/tt0338013/,http://technoir.nl/post/63180217738/october2013-eternalsunshineofthespotlessmind,"'Look where we are!'
Eternal Sunshine of the Spotless Mind (2004)",http://31.media.tumblr.com/5753716ac04b01874a4fd9e5b256d3e6/tumblr_mu7dqh4xyG1qghl49o1_r2_500.gif
Submarine,http://www.imdb.com/title/tt1440292/,http://technoir.nl/post/62435017095/september2013-submarine,"'Jordana hates any place that could be termed romantic. With this in mind, I took her to one of my favourite industrial estates, for some quality one-on-one time.'
Submarine (2010)",http://33.media.tumblr.com/1e1debb19bce17df09a2e60c4fafeebf/tumblr_mtss08w0KG1qghl49o1_500.gif
L'année dernière à Marienbad,http://www.imdb.com/title/tt0054632/,http://technoir.nl/post/62273703228/september2013-lanneederniereamarienbad,"'You never seemed to be waiting for me&#8230; but we kept meeting at every turn in the path, behind every shrub, at the foot of every statue, at the edge of every fountain. It was as if in that entire garden there were only you and me.'
L&#8217;année dernière à Marienbad (1961)",http://37.media.tumblr.com/4ac320842dffa0d1a08d373742c7b031/tumblr_mtpb34LraL1qghl49o1_r2_500.gif
La Dolce Vita,http://www.imdb.com/title/tt0053779/,http://technoir.nl/post/61241208214/september2013-ladolcevita,"'Listen.'
La Dolce Vita (1960)",http://37.media.tumblr.com/70ee78f15fc97bf48e9fe9255c539073/tumblr_mt4xuxSdJw1qghl49o1_500.gif
Terminator 2: Judgment Day,http://www.imdb.com/title/tt0103064/,http://technoir.nl/post/60581167131/september2013-terminator2judgmentday,"&#8216;The survivors of the nuclear fire called the war Judgment Day. They lived only to face a new nightmare: the war against the machines.&#8217;
Terminator 2: Judgment Day (1991)",http://31.media.tumblr.com/bfe82d3f23fc3fe6b8c1d8e0cab0198a/tumblr_msrxkoQvL41qghl49o1_r1_500.gif
Fight Club,http://www.imdb.com/title/tt0137523/,http://technoir.nl/post/60080079726/september2013-fightclub,"'Marla&#8230; the little scratch on the roof of your mouth that would heal if only you could stop tonguing it, but you can't.'
Fight Club (1999)",http://31.media.tumblr.com/d0245f086e835c5dad44f0b08c7a5203/tumblr_msi0h5Bq941qghl49o1_500.gif
"Paris, Texas",http://www.imdb.com/title/tt0087884/,http://technoir.nl/post/59708134127/august2013-paristexas,"'Hi, can I tell you something? &#8230; Sure, anything you like.'
Paris, Texas (1984)",http://38.media.tumblr.com/8da910610be024705c9139cd735ea0cc/tumblr_ms1ln0aWRY1qghl49o1_r1_500.gif
Hero,http://www.imdb.com/title/tt0299977/,http://technoir.nl/post/59420481764/august2013-hero,"'Since you wish to die, I will assist you.'
Hero (2002)",http://38.media.tumblr.com/f074499b2ac51d53d4abf3db7ad5513b/tumblr_mrw22syZJW1qghl49o1_500.gif
"Girl, Interrupted",http://www.imdb.com/title/tt0172493/,http://technoir.nl/post/59125268662/august2013-girlinterrupted,"'What world is this?&#8230; What kingdom?&#8230; What shores of what worlds?'
Girl, Interrupted (1999)",http://38.media.tumblr.com/52daac3fe9c69391b30ab4db052c134a/tumblr_mrjc9gC4xC1qghl49o1_500.gif
The Science of Sleep,http://www.imdb.com/title/tt0354899/,http://technoir.nl/post/58816017357/august2013-thescienceofsleep,"'Oh, look. I just found the time machine. The time machine is here. And it works.'
The Science of Sleep (2006)",http://33.media.tumblr.com/285e95c045ea4e0297c50c4a261b6494/tumblr_mrhidglegJ1qghl49o1_500.gif
Before My Heart Falls,http://www.imdb.com/title/tt1590956/,http://technoir.nl/post/58530667875/august2013-beforemyheartfalls,"'I'm a normal girl.' 
Before My Heart Falls (2012)
Made for Pluk de Nacht Festival",http://37.media.tumblr.com/e043da48b1d4e041b23e7af959e735eb/tumblr_mqz1mpjvde1qghl49o1_500.gif
California is a Place,http://www.imdb.com/title/tt1778211/,http://technoir.nl/post/58350109673/august2013-californiaisaplace,"'I'm just paying my dues.' 
California is A Place: Superman (2010) 
Made for Pluk de Nacht Festival",http://31.media.tumblr.com/872f88a933e62d226f03446dd5d3e270/tumblr_mr8etxxf6i1qghl49o1_r3_500.gif
Carmina or Blow Up,http://www.imdb.com/title/tt2177509/,http://technoir.nl/post/58076453436/august2013-carminaorblowup,"'One of these days, Carmina is going to explode.'
Carmina or Blow Up (2012)
Made for Pluk de Nacht Festival",http://38.media.tumblr.com/83dd0daf33bb49710cbb9d5378c7b6f0/tumblr_mr8bumt7Bd1qghl49o1_r1_500.gif
Wild Bill,http://www.imdb.com/title/tt1795702/,http://technoir.nl/post/57819899605/august2013-wildbill,"'So how was your trip home? &#8230; Uneventful.' 
Wild Bill (2011)
Made for Pluk de Nacht Festival",http://37.media.tumblr.com/54ef44d3390afa0ae135ab89dc05c74c/tumblr_mqz0giv2e31qghl49o1_500.gif
The We And The I,http://www.imdb.com/title/tt1618445/,http://technoir.nl/post/57268491886/august2013-theweandthei,"'Not funny!' 
The We And The I (2012)
Made for Pluk de Nacht festival",http://38.media.tumblr.com/fa02dadc139b3ce6805040a716b9b83c/tumblr_mqz0rrPrlS1qghl49o1_r1_500.gif
Jarhead,http://www.imdb.com/title/tt0418763/,http://technoir.nl/post/56720631288/july2013-jarhead,"'Welcome to The Suck.'
Jarhead (2005)",http://37.media.tumblr.com/54d189a6f6ab51698352c4f175215d3b/tumblr_mqo0rzIgZk1qghl49o1_r3_500.gif
Stoker,http://www.imdb.com/title/tt1682180/,http://technoir.nl/post/56249641042/july2013-stoker,"'This is me. Just as a flower does not choose its color, we are not responsible for what we have come to be. Only once you realize this do you become free, and to become adult is to become free.' 
Stoker (2013) ",http://38.media.tumblr.com/626f8ab7e64c5d8445712af1ac00e61c/tumblr_mqb6ic2ZFm1qghl49o1_500.gif
Atonement,http://www.imdb.com/title/tt0783233/,http://technoir.nl/post/56071862416/july2013-atonement,"'Dearest Cecilia. The story can resume.' 
Atonement (2007)",http://38.media.tumblr.com/bd5f0b0d969610ba21d8a46c2a06c576/tumblr_mqar825D9W1qghl49o1_r1_500.gif
Spring Breakers,http://www.imdb.com/title/tt2101441/,http://technoir.nl/post/55628268755/juli2013-springbreakers,"'Please come home with me.' 
Spring Breakers (2012)",http://38.media.tumblr.com/31404d7854333bee105111e06b42f903/tumblr_mq1qnhHNti1qghl49o1_r3_500.gif
Hero,http://www.imdb.com/title/tt0299977/,http://technoir.nl/post/55289765480/july2013-hero,"'A warrior's ultimate act is to lay down his sword.' 
Hero (2002) ",http://38.media.tumblr.com/c66c44dc5178069c92f55fbfe2f3f35a/tumblr_mpug3kPhYF1qghl49o1_r1_500.gif
Dark City,http://www.imdb.com/title/tt0118929/,http://technoir.nl/post/55031863485/july2013-darkcity,"'Do you know if Shell Beach is around here?'
Dark City (1998)",http://38.media.tumblr.com/0f70b5a5798baedb8cac952ca04662b5/tumblr_mpovvriBG21qghl49o1_500.gif
Trance,http://www.imdb.com/title/tt1924429/,http://technoir.nl/post/54942408291/july2013-trance,"'I might never see you again. I need to tell you where it is.'
Trance (2013)",http://37.media.tumblr.com/62a0ffcc9f4587539c7d5e7b75fb99a4/tumblr_mpmyziPqSX1qghl49o1_500.gif
Punch-Drunk Love,http://www.imdb.com/title/tt0272338/,http://technoir.nl/post/54534002798/july2013-punchdrunklove,"'I'm here'
Punch-Drunk Love (2002)",http://38.media.tumblr.com/311804f5d1c7924d59dbadced00208a5/tumblr_mpdlwqRu6c1qghl49o1_500.gif
Hellboy,http://www.imdb.com/title/tt0167190/,http://technoir.nl/post/54451354711/july2013-hellboy,"'Where are you going? &#8230; To ask for directions.'

Hellboy (2004)",http://37.media.tumblr.com/6b6cb5cb7199bf5401d4682031fa0e6c/tumblr_mpbrgj8aDT1qghl49o1_500.gif
Lola Rennt,http://www.imdb.com/title/tt0130827/,http://technoir.nl/post/54268778745/june2013-lolarennt,"'I think I have to make a decision.'
Lola Rennt (1998)",http://33.media.tumblr.com/3efcda5aaf7af91ad6dbbb20ec777a90/tumblr_mp7txqUWTg1qghl49o1_r2_500.gif
Le fabuleux destin d'Amélie Poulain,http://www.imdb.com/title/tt0211915/,http://technoir.nl/post/53604083673/june2013-amelie,"'These are hard times for dreamers.' 
Le fabuleux destin d&#8217;Amélie Poulain (2001)",http://33.media.tumblr.com/922ea832bd0915c8c5bcc85ec73f6a26/tumblr_mot061pPkA1qghl49o1_r1_500.gif
Requiem for a Dream,http://www.imdb.com/title/tt0180093/,http://technoir.nl/post/53552001354/june2013-requiemforadream,"'Somebody like you could really make things all right for me'
Requiem for a Dream (2000)",http://33.media.tumblr.com/4c10be689ac1391fc24526008320e33b/tumblr_moro5oFd9n1qghl49o1_r1_500.gif
Avalon,http://www.imdb.com/title/tt0267287/,http://technoir.nl/post/52659088252/june2013-avalon,"'What do you think is the best, a game you think you can finish, but never do, or a game that seems impossible to win, but isn't?'
Avalon (2001)",http://37.media.tumblr.com/f863c5304927139dd812ac67748804c3/tumblr_mo77ifxl8G1qghl49o1_r1_500.gif
Lost in Translation,http://www.imdb.com/title/tt0335266/,http://technoir.nl/post/52399983982/june2013-lostintranslation,"'I just don't know what I'm supposed to be.'
Lost in Translation (2003)",http://33.media.tumblr.com/45e39b2b48e507c2dec2d25859f8d9d3/tumblr_mo1glnzbE81qghl49o1_r2_500.gif
Close Encounters of the Third Kind,http://www.imdb.com/title/tt0075860/,http://technoir.nl/post/52247849290/june2013-closeencountersofthethirdkind,"'I don't think we could have asked for a more beautiful evening, do you?'
Close Encounters of the Third Kind (1977)",http://38.media.tumblr.com/b8a984f0d7185268f630c7ca0870978f/tumblr_mnxs84quIB1qghl49o1_r1_500.gif
Prometheus,http://www.imdb.com/title/tt1446714/,http://technoir.nl/post/51925824487/june2013-prometheus,"'Sometimes to create, one must first destroy.'
Prometheus (2012)",http://38.media.tumblr.com/b8b9b835f792590741a8c0fdf3178b2c/tumblr_mnqpyg5ShK1qghl49o1_r1_500.gif
Marie Antoinette,http://www.imdb.com/title/tt0422720/,http://technoir.nl/post/51236029080/may2013-marieantoinette,"'Letting everyone down would be my greatest unhappiness.'
Marie Antoinette (2006)",http://31.media.tumblr.com/246452f2f6d1dd2c5d5f2de70a5590ab/tumblr_mnbd5xwRFa1qghl49o1_500.gif
Melancholia,http://www.imdb.com/title/tt1527186/,http://technoir.nl/post/51095338835/may2013-melancholia,"'Hold my hand. Close your eyes.'
Melancholia (2011)",http://38.media.tumblr.com/e69bcaca11269e76596468ed32ce0cbc/tumblr_mn7xuxQWkK1qghl49o1_500.gif
Iron Man,http://www.imdb.com/title/tt0371746/,http://technoir.nl/post/50998594003/may2013-ironman,"'Okay, this is where I don't want to be.'
Iron Man (2008)",http://37.media.tumblr.com/f05a576c082c515e1f2fd9710f311448/tumblr_mn5rq0xbEX1qghl49o1_500.gif
Upstream Color,http://www.imdb.com/title/tt2084989/,http://technoir.nl/post/50006644676/may2013-upstreamcolor,"'What are we doing? Where are we going, home? &#8230; Yeah, home.'
Upstream Color (2013)",http://31.media.tumblr.com/8152256f8ed1beee3ec48853f1c44461/tumblr_mmj4b2hfRw1qghl49o1_500.gif
Patton,http://www.imdb.com/title/tt0066206/,http://technoir.nl/post/49394210566/may2013-patton,"'Look at this Cod. I love it. God help me I do love it so. I love it more than my life.'
Patton (1970)",http://31.media.tumblr.com/86e699fea32791268a20fb1e2bca10a6/tumblr_mm5033rz5k1qghl49o1_r2_500.gif
Death Note,http://www.imdb.com/title/tt0758742/,http://technoir.nl/post/49206492764/april2013-deathnote,"'No one will know my secret.'
Death Note (2006)",http://31.media.tumblr.com/dddcff7fb53fbad60fdaa1563c5cbce1/tumblr_mm1e3vjRAy1qghl49o1_r2_500.gif
Twin Peaks: Fire Walk with Me,http://www.imdb.com/title/tt0105665/,http://technoir.nl/post/49100602888/april2013-twinpeaksfirewalkwithme,"'Where are you going, Laura? &#8230; Nowhere&#8230; fast. And you're not coming.'

Twin Peaks: Fire Walk with Me (1992)",http://38.media.tumblr.com/e6945db913bb8412b250c6172c323170/tumblr_mlz4ov0cxq1qghl49o1_r2_500.gif
Napoleon Dynamite,http://www.imdb.com/title/tt0374900/,http://technoir.nl/post/48785338385/april2013-napoleondynamite,"'For a limited time only, Glamour Shots by Deb are 75% off.&#8217;
Napoleon Dynamite (2004)",http://38.media.tumblr.com/0c6ea1e0d16f1e4b5a66d7d987341bab/tumblr_mlrtqkTX301qghl49o1_r1_500.gif
Sixteen Candles,http://www.imdb.com/title/tt0088128/,http://technoir.nl/post/48519012859/april2013-sixteencandles,"'Happy Birthday, Samantha. Make a wish. &#8230; It already came true.'
Sixteen Candles (1984)",http://37.media.tumblr.com/8f980a532d2cd39e7c798e4bfec63570/tumblr_mlluykAMcf1qghl49o1_r2_500.gif
There Will Be Blood,http://www.imdb.com/title/tt0469494/,http://technoir.nl/post/47945933812/april2013-therewillbeblood,"'There's a whole ocean of oil under our feet! No one can get at it except for me!'
There Will Be Blood (2007)",http://31.media.tumblr.com/f38fdafb4746a32cfa660af59a5c9e3c/tumblr_ml8ui1hWDa1qghl49o1_r2_500.gif
Un Chien Andalou,http://www.imdb.com/title/tt0020530/,http://technoir.nl/post/47549904840/april2013-unchienandalou,Un chien andalou (1929),http://38.media.tumblr.com/ee0f410cd24fc75004681b75c67ff9f7/tumblr_ml016hSurE1qghl49o1_500.gif
Winter's Bone,http://www.imdb.com/title/tt1399683/,http://technoir.nl/post/47371870974/april2013-wintersbone,"'I'd be lost without the weight of you two on my back. I ain't goin' anywhere.'
Winter&#8217;s Bone (2010)",http://37.media.tumblr.com/63d20f2770c7319dca1e24fda1814639/tumblr_mkw6rfiMBx1qghl49o1_500.gif
Sedmikrásky,http://www.imdb.com/title/tt0060959/,http://technoir.nl/post/46676677094/march2013-sedmikrasky,"'What are we doing here?' 
Sedmikrásky (1966)",http://38.media.tumblr.com/891d8e8bdfa0a9bcfaace3c4573fa59e/tumblr_mkhd493FR91qghl49o1_r2_500.gif
Pierrot le Fou,http://www.imdb.com/title/tt0059592/,http://technoir.nl/post/46179808626/march2013-pierrotlefou,"'You'll never leave me? &#8230; Of course I won't &#8230; Of course? &#8230; Yes, of course'
Pierrot le fou (1965)",http://33.media.tumblr.com/fd922f43178bd15be988100df23d9337/tumblr_mk6gw20l361qghl49o1_500.gif
,http://www.imdb.com/title/tt0091042/,http://technoir.nl/post/45530478036/march2013-ferrisbuellersdayoff,"'The city looks so peaceful from up here. &#8230; Anything is peaceful from one thousand, three hundred and fifty-three feet.&#8217;
Ferris Bueller&#8217;s Day Off (1986)",http://38.media.tumblr.com/18d5bee7bcb36b523cd327bae156fe99/tumblr_mjrx36EjZ01qghl49o1_500.gif
The Master,http://www.imdb.com/title/tt1560747/,http://technoir.nl/post/45505805234/march2013-themaster,"'Your fear of capture and imprisonment is from millions of years ago. You are not there. You are asleep.'
The Master (2012)",http://31.media.tumblr.com/751818128d97329bb4faf0bc9b511cd9/tumblr_mjrhjvhlRC1qghl49o1_500.gif
Sin City,http://www.imdb.com/title/tt0401792/,http://technoir.nl/post/45221472196/march2013-sincity,"'The pills come from a girlfriend who's a shrink, she tried to analyze me once but she got too scared'.
Sin City (2005)",http://38.media.tumblr.com/95c46dbda0f5120e477e67d7a2a54e1f/tumblr_mjkkucpyW91qghl49o1_500.gif
The Matrix,http://www.imdb.com/title/tt0133093/,http://technoir.nl/post/44652440963/march2013-thematrix,"'I'm trying to free your mind, Neo. But I can only show you the door. You're the one that has to walk through it.'
The Matrix (1999)",http://33.media.tumblr.com/4b3b0287ca43ce1021340cd692f65f9f/tumblr_mj7iufgKNi1qghl49o1_500.gif
Dr. No,http://www.imdb.com/title/tt0055928/,http://technoir.nl/post/44380928314/march2013-drno,"'Are you looking for shells too? &#8230; No, I&#8217;m just looking.&#8217;
Dr. No (1962)",http://38.media.tumblr.com/b65cb88a4f2250e0b7cd240ccf87eda7/tumblr_mj1n30w6Mo1qghl49o1_r2_500.gif
The Tree of Life,http://www.imdb.com/title/tt0478304/,http://technoir.nl/post/44333790013/march2013-thetreeoflife,"'The nuns taught us there were two ways through life - the way of nature and the way of grace. You have to choose which one you'll follow.'
The Tree of Life (2011)",http://31.media.tumblr.com/ef95e270ea04e00d156f0737f1b7f9e1/tumblr_mj0epqRywo1qghl49o1_500.gif
Ferris Bueller's Day Off,http://www.imdb.com/title/tt0091042/,http://technoir.nl/post/43312919572/february2013-ferrisbuellersdayoff,"'You oughta spend a little more time dealing with yourself, a little less time worrying about what your brother does.'
Ferris Bueller&#8217;s Day Off (1986)",http://33.media.tumblr.com/e963c82514f72c9647713002425e4fb9/tumblr_mide824ZtC1qghl49o1_500.gif
The Master,http://www.imdb.com/title/tt1560747/,http://technoir.nl/post/43273454206/february2013-themaster,"'Turn them black. What color are my eyes? &#8230; Black &#8230; Very good.'
The Master (2012)",http://38.media.tumblr.com/fef88e4954e2ae1c89a0fb8f0c898b96/tumblr_micbzsRZvI1qghl49o1_r1_500.gif
Skyfall,http://www.imdb.com/title/tt1074638/,http://technoir.nl/post/43247916312/february2013-skyfall,"'Do you see what comes of all this running around, Mr. Bond? All this jumping and fighting, it's exhausting!' 
Skyfall (2012)",http://33.media.tumblr.com/4a71e2e1abc0ee7dee2cec6157e746d9/tumblr_mibwqi1vQn1qghl49o1_500.gif
Vivre sa vie,http://www.imdb.com/title/tt0056663/,http://technoir.nl/post/42869357840/february2013-vivresavie,"‘Everything is beautiful. You only have to take an interest in things to see their beauty’
Vivre sa vie (1962)",http://33.media.tumblr.com/7c3dbf307aa4ac464cf243963edbea9f/tumblr_mi2t16S9Kt1qghl49o1_r1_500.gif
Holy Motors,http://www.imdb.com/title/tt2076220/,http://technoir.nl/post/42452595217/february2013-holymotors,"'Infrared. Markers detected'
Holy Motors (2012)",http://38.media.tumblr.com/3c72473dd7f4c42f094aa0028ddc69fe/tumblr_mhtj7tga4r1qghl49o1_500.gif
V for Vendetta,http://www.imdb.com/title/tt0434409/,http://technoir.nl/post/42129769206/february2013-vforvendetta,"'Are you going to kill me now? &#8230; I killed you 10 minutes ago.&#8217;
V for Vendetta (2005)",http://37.media.tumblr.com/bcb6fcdf800443d6b6a2605c69f55e15/tumblr_mhm0j2ndI91qghl49o1_r4_500.gif
Natural Born Killers,http://www.imdb.com/title/tt0110632/,http://technoir.nl/post/41553047823/january2013-naturalbornkillers,"'The whole world's comin' to an end, Mal!'
Natural Born Killers (1994)",http://38.media.tumblr.com/1938d514042d0454af87c8dd6ce60cc5/tumblr_mh96jpawwv1qghl49o1_500.gif
Donnie Darko,http://www.imdb.com/title/tt0246578/,http://technoir.nl/post/41521339572/january2013-donniedarko,"'Why are you wearing that stupid bunny suit? &#8230; Why are you wearing that stupid man suit?&#8217;
Donnie Darko (2001)",http://31.media.tumblr.com/61748eb48d98f8d523c4c69c5a5c49ba/tumblr_mh8lsdJKZH1qghl49o1_500.gif
Lawrence of Arabia,http://www.imdb.com/title/tt0056172/,http://technoir.nl/post/41210182710/january2013-lawrenceofarabia,"'Lawrence, only two kinds of creature get fun in the desert: Bedouins and gods, and you're neither. Take it from me, for ordinary men, it's a burning, fiery furnace.' 
Lawrence of Arabia (1962)",http://38.media.tumblr.com/f00478575482293500e9d0b4486f21a6/tumblr_mh1jxt2qjj1qghl49o1_r1_500.gif
The Runaways,http://www.imdb.com/title/tt1017451/,http://technoir.nl/post/40439960439/january2013-therunaways,"'Joan Jett. The rock 'n' roll heart, street tough brunette.'
The Runaways (2010)",http://38.media.tumblr.com/c4e2e10afe4e50d3242c894cf2fb2e1f/tumblr_mgks5ynCYR1qghl49o1_500.gif
V for Vendetta,http://www.imdb.com/title/tt0434409/,http://technoir.nl/post/39842982128/january2013-vforvendetta,"'I hope that whoever you are, you escape this place. I hope that the worlds turns, and that things get better. But what I hope most of all is that you understand what I mean when I tell you that, even though I do not know you, and even though I may never meet you, laugh with you, cry with you, or kiss you, I love you. With all my heart, I love you. Valerie.'
V for Vendetta (2005) ",http://37.media.tumblr.com/94decbe539ff2ecf5f39c729d774a1be/tumblr_mg7pmgM7Cl1qghl49o1_r1_500.gif
Dredd,http://www.imdb.com/title/tt1343727/,http://technoir.nl/post/39142878535/december2012-dredd,"'Incendiary.'
Dredd (2012)",http://37.media.tumblr.com/499ae05283a33989e0e219501930f51b/tumblr_mft348Tw2k1qghl49o1_r1_500.gif
Looper,http://www.imdb.com/title/tt1276104/,http://technoir.nl/post/38650192607/december2012-looper,"'You can't take that thing out with a plough or something? &#8230; Uh-huh.&#8217; 
Looper (2012)",http://38.media.tumblr.com/4bf0fae280dc0bcfefd6e81eb51b3f6a/tumblr_mfi3jn7yi31qghl49o1_r6_500.gif
Fantastic Mr. Fox,http://www.imdb.com/title/tt0432283/,http://technoir.nl/post/38626270172/december2012-fantasticmrfox,"'I think I need everyone to think I'm the greatest, the &#8220;Fantastic&#8221; Mr. Fox.'
Fantastic Mr. Fox (2009)",http://37.media.tumblr.com/c7030889cef94a9f95bb7c7875288b41/tumblr_mfhn8ditnr1qghl49o1_r1_500.gif
Akira,http://www.imdb.com/title/tt0094625/,http://technoir.nl/post/37556943718/december2012-akira,"'I feel like I can take out the world.' 
Akira (1988)",http://33.media.tumblr.com/697566623f56a200b381fa731c5d4b15/tumblr_merrziLMqG1qghl49o1_r1_500.gif
The Devil Wears Prada,http://www.imdb.com/title/tt0458352/,http://technoir.nl/post/37028501351/december2012-thedevilwearsprada,"'If you want me to cancel your evening, I can. &#8230; Don't be ridiculous, why would we do that?'
The Devil Wears Prada (2006) ",http://33.media.tumblr.com/tumblr_meeokhJZEE1qghl49o1_500.gif
Ghostbusters,http://www.imdb.com/title/tt0087332/,http://technoir.nl/post/37024920022/december2012-ghostbusters,"'I am The Gatekeeper!' 
Ghostbusters (1984)",http://33.media.tumblr.com/tumblr_meejkmkWpj1qghl49o1_500.gif
The Avengers,http://www.imdb.com/title/tt0848228/,http://technoir.nl/post/36685721363/november2012-theavengers,"'Alright. Hey. Alright. Good job, guys. Let's just not come in tomorrow. Let's just take a day. Have you ever tried shawarma? There's a shawarma joint about two blocks from here. I don't know what it is, but I wanna try it.'
The Avengers (2012) ",http://38.media.tumblr.com/tumblr_me4cg1shUF1qghl49o1_r2_500.gif
Office Space,http://www.imdb.com/title/tt0151804/,http://technoir.nl/post/36310729568/november2012-officespace,"'Hi Milton. What's happening? I'm gonna have to ask you to go ahead and move your desk again.'
Office Space (1999)",http://38.media.tumblr.com/tumblr_mdwtqew7tH1qghl49o1_r1_500.gif
The Dark Knight Rises,http://www.imdb.com/title/tt1345836/,http://technoir.nl/post/35918327270/november2012-thedarkknightrises,"'I blow that tunnel open, I'm gone. &#8230; There&#8217;s more to you than that.&#8217;
The Dark Knight Rises (2012)",http://33.media.tumblr.com/tumblr_mdn6cjqTGB1qghl49o1_r2_500.gif
Safety Not Guaranteed,http://www.imdb.com/title/tt1862079/,http://technoir.nl/post/35735486430/november2012-safetynotguaranteed,"'The mission has been updated'
Safety Not Guaranteed (2012)",http://31.media.tumblr.com/tumblr_mdi4q2Z2SV1qghl49o1_500.gif
Planet of the Apes,http://www.imdb.com/title/tt0063442/,http://technoir.nl/post/35417475277/november2012-planetoftheapes,"'You Maniacs! You blew it up! Ah, damn you! God damn you all to hell!' 
Planet of the Apes (1968)",http://33.media.tumblr.com/tumblr_mda91vsBEg1qghl49o1_r1_500.gif
Le Voyage dans la Lune,http://www.imdb.com/title/tt0000417/,http://technoir.nl/post/35143115892/november2012-levoyagedanslalune,Le Voyage dans la Lune (1902),http://33.media.tumblr.com/tumblr_md30vdY8aK1qghl49o1_500.gif
The Matrix,http://www.imdb.com/title/tt0133093/,http://technoir.nl/post/34515991768/october2012-thematrix,"'Get in'
The Matrix (1999)",http://37.media.tumblr.com/tumblr_mcmhljC7bP1qghl49o1_r1_500.gif
Moonrise Kingdom,http://www.imdb.com/title/tt1748122/,http://technoir.nl/post/34492360377/october2012-moonrisekingdom,"'I don't like the snappy attitude. This is the most important decision you've made in your lives. Go over by that trampoline and talk it through before you give me another quick answer.'
Moonrise Kingdom (2012)",http://38.media.tumblr.com/tumblr_mcm2nu5vU71qghl49o1_r1_500.gif
Die Hard,http://www.imdb.com/title/tt0095016/,http://technoir.nl/post/33830380065/october2012-diehard,"""Come out to the coast, we&#8217;ll get together, have a few laughs&#8230;""
Die Hard (1988)",http://38.media.tumblr.com/tumblr_mc34beEWaf1qghl49o1_r1_500.gif
Atonement,http://www.imdb.com/title/tt0783233/,http://technoir.nl/post/33711638970/october2012-atonement,"'Come back. Come back to me.'
Atonement (2007)",http://37.media.tumblr.com/tumblr_mbzu2k6v6I1qghl49o1_r3_500.gif
A League Of Their Own,http://www.imdb.com/title/tt0104694/,http://technoir.nl/post/33091436087/october2012-aleagueoftheirown,"'I'm a goddamn Peach!'
A League of Their Own (1992)",http://37.media.tumblr.com/tumblr_mbj82yLmYA1qghl49o1_r1_500.gif
,http://www.imdb.com/title/tt0093191/,http://technoir.nl/post/32561514618/september2012-derhimmeluberberlin,"'When the child was a child, it walked with its arms swinging. It wanted the stream to be a river, the river a torrent, and this puddle to be the sea. When the child was a child, it didn't know it was a child. Everything was full of life, and all life was one. When the child was a child, it had no opinion about anything, no habits. It often sat cross-legged, took off running, had a cowlick in its hair, and didn't make faces when photographed.'
Der Himmel über Berlin (1987)",http://33.media.tumblr.com/tumblr_mb52f6vt3k1qghl49o1_r4_500.gif
Drive,http://www.imdb.com/title/tt0780504/,http://technoir.nl/post/32413737578/september2012-drive,"'I'm not doing anything this weekend&#8230; If you want a ride or something?'
Drive (2011)",http://37.media.tumblr.com/tumblr_mb121dw7mv1qghl49o1_r2_500.gif
Dune,http://www.imdb.com/title/tt0087182/,http://technoir.nl/post/32141874315/september2012-dune,"'A beginning is a very delicate time. Know then, that is is the year 10191.'
Dune (1984)",http://38.media.tumblr.com/tumblr_mathfvS3Uy1qghl49o1_r2_500.gif
Moonrise Kingdom,http://www.imdb.com/title/tt1748122/,http://technoir.nl/post/32076555462/september2012-moonrisekingdom,"'This is our land!'
Moonrise Kingdom (2012)",http://38.media.tumblr.com/tumblr_maru2gBEjf1qghl49o1_r3_500.gif
Cosmopolis,http://www.imdb.com/title/tt1480656/,http://technoir.nl/post/31944136066/september2012-cosmopolis,"‘My prostate is asymmetrical.’
Cosmopolis (2012)",http://38.media.tumblr.com/tumblr_mao5d4xOzB1qghl49o1_r2_500.gif
Shame,http://www.imdb.com/title/tt1723811/,http://technoir.nl/post/30477488473/august2012-shame,"'We're not bad people. We just come from a bad place.' 
Shame (2011)",http://38.media.tumblr.com/tumblr_m9jey5dhiE1qghl49o1_r1_500.gif
Natural Born Killers,http://www.imdb.com/title/tt0110632/,http://technoir.nl/post/30403167654/august2012-naturalbornkillers,"'How sexy am I now, huh? Flirty boy! How sexy am I now? &#8230; You made my shitlist!&#8217;
Natural Born Killers (1994)",http://38.media.tumblr.com/tumblr_m9hesbGtat1qghl49o1_r1_500.gif
Lost In Translation,http://www.imdb.com/title/tt0335266/,http://technoir.nl/post/30242393001/august2012-lostintranslation,"'Let's never come here again because it would never be as much fun.' 
Lost in Translation (2003)",http://38.media.tumblr.com/tumblr_m9da1dZ8zw1qghl49o1_r1_500.gif
,http://www.imdb.com/title/tt0110413/,http://technoir.nl/post/29431695789/august2012-leon,"'Is life always this hard, or is it just when you're a kid? &#8230; Always like this.'
Léon (1994) ",http://33.media.tumblr.com/tumblr_m8rkvqTwsj1qghl49o1_r2_500.gif
My Neighbor Totoro,http://www.imdb.com/title/tt0096283/,http://technoir.nl/post/29423418284/august2012-myneighbortotoro,"'Are you Totoro?'
My Neighbor Totoro (1988)",http://31.media.tumblr.com/tumblr_m8retrTqis1qghl49o1_r1_500.gif
Drowning By Numbers,http://www.imdb.com/title/tt0092929/,http://technoir.nl/post/27555992115/july2012-drowningbynumbers,"'What are you doing up so late? &#8230; I'm counting the stars &#8230; Do you really know all their names? &#8230; Yes I do &#8230; How many did you count? &#8230; A hundred &#8230; There are more than a hundred &#8230; I know &#8230; Why did you stop? &#8230; A hundred is enough, once you've counted a hundred all the other hundreds are the same'
Drowning By Numbers (1988)",http://37.media.tumblr.com/tumblr_m7exxeZ6sP1qghl49o1_r1_500.gif
The Dark Knight,http://www.imdb.com/title/tt0468569/,http://technoir.nl/post/27440439578/july2012-thedarkknight," &#8217;Nothing. No matches on prints, DNA, dental. Clothing is custom, no labels. Nothing in his pockets but knives and lint. No name, no other alias.&#8217; 
The Dark Knight (2008) ",http://38.media.tumblr.com/tumblr_m7bve1af5J1qghl49o1_r1_500.gif
The Terminator,http://www.imdb.com/title/tt0088247/,http://technoir.nl/post/27430525883/july2012-theterminator,"'He's not a man - a machine. A Terminator. A Cyberdyne Systems Model 101.' 
The Terminator (1984)",http://37.media.tumblr.com/tumblr_m7bf43tkZY1qghl49o1_r2_500.gif
The Virgin Suicides,http://www.imdb.com/title/tt0159097/,http://technoir.nl/post/27281986394/july2012-thevirginsuicides,"'Collecting everything we could of theirs, the Lisbon girls wouldn't leave our minds but they were slipping away. The color of their eyes was fading along with the exact locations&#8230; of moles and dimples. From five, they had become four, and they were all the living and the dead, becoming shadows. We would have lost them completely if the girls hadn't contacted us.'
The Virgin Suicides (1999)",http://38.media.tumblr.com/tumblr_m780k2I7U51qghl49o1_r2_500.gif
10 Things I Hate About You,http://www.imdb.com/title/tt0147800/,http://technoir.nl/post/27000679487/july2012-10thingsihateaboutyou,"'He's our guy.'
10 Things I Hate About You (1999)",http://37.media.tumblr.com/tumblr_m70ld722Ew1qghl49o1_r1_500.gif
The Wizard Of Oz,http://www.imdb.com/title/tt0032138/,http://technoir.nl/post/26992670844/july2012-thewizardofoz,"'Toto, I've a feeling we're not in Kansas any more.'
The Wizard of Oz (1939)",http://31.media.tumblr.com/tumblr_m70fp8GVM61qghl49o1_r1_500.gif
Haywire,http://www.imdb.com/title/tt1506999/,http://technoir.nl/post/26439861000/july2012-haywire,"""You just get here as quick as you can. &#8230;  I&#8217;ll try. Keep your eyes open. &#8230; I haven&#8217;t shut my eyes since you were born.&#8221;
Haywire (2011) ",http://38.media.tumblr.com/tumblr_m6lpqjH8Qe1qghl49o1_r1_500.gif
Se7en,http://www.imdb.com/title/tt0114369/,http://technoir.nl/post/25044144510/june2012-se7en,"'It seems that envy is my sin.'
Se7en (1995)",http://31.media.tumblr.com/tumblr_m5kqp7wj1I1qghl49o1_r1_500.gif
Reservoir Dogs,http://www.imdb.com/title/tt0105236/,http://technoir.nl/post/24703530345/june2012-reservoirdogs,"'Are you cool? &#8230; I'm cool.'
Reservoir Dogs (1992)",http://37.media.tumblr.com/tumblr_m5bjmhY8zZ1qghl49o1_r1_500.gif
Highlander,http://www.imdb.com/title/tt0091203/,http://technoir.nl/post/24692310479/june2012-highlander,"'The sensation you are feeling is the quickening.'
Highlander (1986)",http://31.media.tumblr.com/tumblr_m5bb56Sq8Q1qghl49o1_r1_500.gif
The Breakfast Club,http://www.imdb.com/title/tt0088847/,http://technoir.nl/post/24637824532/june2012-thebreakfastclub,"'Dear Mr. Vernon, we accept the fact that we had to sacrifice a whole Saturday in detention for whatever it was we did wrong. What we did *was* wrong. But we think you're crazy to make an essay telling you who we think we are. You see us as you want to see us&#8230; In the simplest terms, in the most convenient definitions. But what we found out is that each one of us is a brain. &#8230; and an athlete. &#8230; and a basket case. &#8230; a princess. &#8230; and a criminal. &#8230; Does that answer your question? &#8230; Sincerely yours, the Breakfast Club.&#8217; 
The Breakfast Club (1985)",http://38.media.tumblr.com/tumblr_m59qyw3evP1qghl49o1_r2_500.gif
Ghost in the Shell,http://www.imdb.com/title/tt0113568/,http://technoir.nl/post/24286106650/june2012-ghostintheshell,"""If a technological feat is possible, man will do it. Almost as if it&#8217;s wired into the core of our being.""
Ghost in the Shell (1995)",http://38.media.tumblr.com/tumblr_m50esawubi1qghl49o1_r1_500.gif
Kill Bill: Vol. 1,http://www.imdb.com/title/tt0266697/,http://technoir.nl/post/24266148223/june2012-killbillvol1,"""Go-Go, I know you feel you must protect your mistress. But I beg you, walk away.""
Kill Bill: Vol. 1 (2003)",http://37.media.tumblr.com/tumblr_m4zzc0EOmH1qghl49o1_r1_500.gif
Batman Returns,http://www.imdb.com/title/tt0103776/,http://technoir.nl/post/23251351733/may2012-batmanreturns,"'Two lives left. I think I'll save one for next Christmas.' 
Batman Returns (1992)",http://38.media.tumblr.com/tumblr_m46tsfJk9Q1qghl49o1_r2_500.gif
Interview With The Vampire,http://www.imdb.com/title/tt0110148/,http://technoir.nl/post/23238870171/may2012-interviewwiththevampire,"'She slept in my coffin at first, curling her little fingers around my hair.'
Interview With The Vampire (1994)",http://37.media.tumblr.com/tumblr_m46jzrbvkp1qghl49o1_r1_500.gif
Inglourious Basterds,http://www.imdb.com/title/tt0361748/,http://technoir.nl/post/23226642235/may2012-inglouriousbasterds,"'So, gentlemen, let's discuss the prospect of ending the war tonight.' 
Inglourious Basterds (2009)",http://37.media.tumblr.com/tumblr_m46499tvm91qghl49o1_r2_500.gif
Control,http://www.imdb.com/title/tt0421082/,http://technoir.nl/post/23223369658/may2012-control,"'So this is permanence; love-shattered pride. What once was innocence, has turned on its side.&#8217;
Control (2007) ",http://37.media.tumblr.com/tumblr_m45yga1Zm21qghl49o1_r2_500.gif
Le Mepris,http://www.imdb.com/title/tt0057345/,http://technoir.nl/post/22607964294/may2012-lemepris,"'Take care. Farewell. Camille'
Le Mepris (1963)",http://33.media.tumblr.com/tumblr_m3o9bqdlZf1qghl49o1_r1_500.gif
Sid and Nancy,http://www.imdb.com/title/tt0091954/,http://technoir.nl/post/21801775802/april2012-sidandnancy,"'Sidney's more than a mere bass player. He's a fabulous disaster. He's a symbol, a metaphor, he embodies the dementia of a nihilistic generation. He's a fuckin' star.'
Sid and Nancy (1986)",http://33.media.tumblr.com/tumblr_m32021bt0R1qghl49o1_r1_500.gif
The Big Lebowski,http://www.imdb.com/title/tt0118715/,http://technoir.nl/post/21573575863/april2012-thebiglebowski,"'Fuckin' Quintana&#8230; that creep can roll, man. &#8230; Yeah, but he&#8217;s a pervert, Dude.&#8217;
The Big Lebowski (1998) ",http://38.media.tumblr.com/tumblr_m2vzzb7A0T1qghl49o1_r1_500.gif
Terminator 2: Judgment Day,http://www.imdb.com/title/tt0103064/,http://technoir.nl/post/21144918010/april2012-terminator2judgmentday,"&#8221;Dyson listened while the Terminator laid it all down: Skynet, Judgment Day, the history of things to come. It&#8217;s not everyday you find out that you&#8217;re responsible for 3 billion deaths. He took it pretty well.&#8217; 
Terminator 2: Judgment Day (1991)",http://33.media.tumblr.com/tumblr_m2ix4j7cVT1qghl49o1_r1_500.gif
Edward Scissorhands,http://www.imdb.com/title/tt0099487/,http://technoir.nl/post/21104581894/april2012-edwardscissorhands,"'The years spent in isolation have not equipped him with the tools necessary to judge right from wrong. He's had no context. He's been completely without guidance. Furthermore, his work - the garden sculptures, hairstyles and so forth - indicate that he's a highly imaginative&#8230; uh&#8230; character. It seems clear that his awareness of what we call reality is radically underdeveloped.'  
Edward Scissorhands (1990)",http://31.media.tumblr.com/tumblr_m2hmy96sFf1qghl49o1_r1_500.gif
Batman Returns,http://www.imdb.com/title/tt0103776/,http://technoir.nl/post/21097461291/april2012-batmanreturns,"'Wow, *the* Batman - or is it just &#8220;Batman&#8221;? Uh, your choice, of course!' 
Batman Returns (1992)",http://38.media.tumblr.com/tumblr_m2hh1saLUf1qghl49o1_r1_500.gif
Never Let Me Go,http://www.imdb.com/title/tt1334260/,http://technoir.nl/post/21083214553/april2012-neverletmego,"&#8221;What I&#8217;m not sure about, is if our lives have been so different from the lives of the people we save. We all complete. Maybe none of us really understand what we&#8217;ve lived through, or feel we&#8217;ve had enough time.&#8217; 
Never Let Me Go (2010)",http://33.media.tumblr.com/tumblr_m2h4d06BPz1qghl49o1_r1_500.gif
Into the Wild,http://www.imdb.com/title/tt0758758/,http://technoir.nl/post/20649330520/april2012-intothewild,"'The sea's only gifts are harsh blows, and occasionally the chance to feel strong. Now I don't know much about the sea, but I do know that that's the way it is here. And I also know how important it is in life not necessarily to be strong but to feel strong. To measure yourself at least once. To find yourself at least once in the most ancient of human conditions. Facing the blind death stone alone, with nothing to help you but your hands and your own head.'
Into the Wild (2007)",http://31.media.tumblr.com/tumblr_m243t52x7n1qghl49o1_r1_500.gif
One Hour Photo,http://www.imdb.com/title/tt0265459/,http://technoir.nl/post/20418181623/april2012-onehourphoto,"'The Photo Guy at the one hour place? Well, we really don't know that much about him, do we? He might even have a lot of friends. He probably has a girlfriend and a mommy and daddy, who love him. &#8230; I don&#8217;t think he does.&#8217; 
One Hour Photo (2002)",http://38.media.tumblr.com/tumblr_m1viukLpvV1qghl49o1_r2_500.gif
Marie Antoinette,http://www.imdb.com/title/tt0422720/,http://technoir.nl/post/20253317164/april2012-marieantoinette,"'I wish I could go with you. &#8230; I should kidnap you.&#8217;
Marie Antoinette (2006)",http://38.media.tumblr.com/tumblr_m1rvzafSpP1qghl49o1_r2_500.gif
Spirited Away,http://www.imdb.com/title/tt0245429/,http://technoir.nl/post/20231934501/march2012-spiritedaway,"'How did you know my name was Chihiro? &#8230; I have known you since you were very small.&#8217; 
Spirited Away (2001)",http://31.media.tumblr.com/tumblr_m1rdpdfSr91qghl49o1_r1_500.gif
The Dark Knight,http://www.imdb.com/title/tt0468569/,http://technoir.nl/post/20224652445/march2012-thedarkknight,"'The Joker planned to be caught.'
The Dark Knight (2008)",http://37.media.tumblr.com/tumblr_m1r6m7japL1qghl49o1_r5_500.gif
Howl's Moving Castle,http://www.imdb.com/title/tt0347149/,http://technoir.nl/post/20081846515/march2012-howlsmovingcastle,"'You're incredible Calcifer. Your magic's first class!'
Howl&#8217;s Moving Castle (2004)",http://38.media.tumblr.com/tumblr_m1m8gftE1F1qghl49o1_r2_500.gif
Heat,http://www.imdb.com/title/tt0113277/,http://technoir.nl/post/19700321181/march2012-heat,"&#8216;Don&#8217;t let yourself get attached to anything you are not willing to walk out on in 30 seconds flat if you feel the heat around the corner.&#8217;
Heat (1995)",http://38.media.tumblr.com/tumblr_m19bli3Rqw1qghl49o1_r1_500.gif
Pan's Labyrinth,http://www.imdb.com/title/tt0457430/,http://technoir.nl/post/19645586735/march2012-panslabyrinth,"'You are not born of man. It was the moon that bore you'
Pan&#8217;s Labyrinth (2006)",http://31.media.tumblr.com/tumblr_m17evn1q5o1qghl49o1_r3_500.gif
Interview with the Vampire,http://www.imdb.com/title/tt0110148/,http://technoir.nl/post/19232967366/march2012-interviewwiththevampire,"'The statue seemed to move, but didn't. The world had changed, yet stayed the same. I was a newborn vampire weeping at the beauty of the night.'
Interview with the Vampire (1994)",http://31.media.tumblr.com/tumblr_m0tp2fkFzZ1qghl49o1_r1_500.gif
The Girl with the Dragon Tattoo,http://www.imdb.com/title/tt1568346/,http://technoir.nl/post/18861088058/march2012-thegirlwiththedragontattoo,"&#8216;She&#8217;s different. &#8230;  In what way? &#8230; In every way.&#8217;
The Girl with the Dragon Tattoo (2011)",http://37.media.tumblr.com/tumblr_m0hemfI6tc1qghl49o1_r1_500.gif
Blade Runner,http://www.imdb.com/title/tt0083658/,http://technoir.nl/post/18503692122/february2012-bladerunner,"'Los Angeles November, 2019'
Blade Runner (1982)",http://37.media.tumblr.com/tumblr_m065m5BW3S1qghl49o1_r1_500.gif
http://www.imdb.com/title/tt0117951/,http://Trainspotting,http://technoir.nl/post/18271014239/february2012-trainspotting,"'You can't stay in here all day dreaming about heroin and Ziggy Pop.'
Trainspotting (1996)",http://38.media.tumblr.com/tumblr_lzywx686XT1qghl49o1_r1_500.gif
American Beauty,http://www.imdb.com/title/tt0169547/,http://technoir.nl/post/17883564168/february2012-americanbeauty,"&#8216;I feel like I&#8217;ve been in a coma for the past twenty years. And I&#8217;m just now waking up.&#8217;
American Beauty (1999)",http://33.media.tumblr.com/tumblr_lznb4wN1Kc1qghl49o1_r1_500.gif
Leaving Las Vegas,http://www.imdb.com/title/tt0113627/,http://technoir.nl/post/17571533522/february2012-leavinglasvegas,"'What are you? Some sort of angel visiting me from one of my drunk fantasies? How can you be so good?'
Leaving Las Vegas (1995)",http://31.media.tumblr.com/tumblr_lzcrwhueQq1qghl49o1_r2_500.gif
Out Of Sight,http://www.imdb.com/title/tt0120780/,http://technoir.nl/post/17096759045/february2012-outofsight,"'Can I buy you a drink?'
Out of Sight (1998)",http://38.media.tumblr.com/tumblr_lyxiczUT7P1qghl49o1_r2_500.gif
Dune,http://www.imdb.com/title/tt0087182/,http://technoir.nl/post/17055706522/february2012-dune,"'Father&#8230; father, the sleeper has awakened!'
Dune (1984)",http://31.media.tumblr.com/tumblr_lyw534Ddt91qghl49o1_r1_500.gif
Volver,http://www.imdb.com/title/tt0441909/,http://technoir.nl/post/17039430000/february2012-volver,"'I haven't sung for a very long time. But I'll do it tonight, and see how it goes.'
Volver (2006)",http://38.media.tumblr.com/tumblr_lyvrbrdk9t1qghl49o1_r1_500.gif
The Big Lebowski,http://www.imdb.com/title/tt0118715/,http://technoir.nl/post/16295156376/january2012-thebiglebowski,"'Are you sure he won't mind? &#8230; Uli doesn't care about anything. He's a Nihilist. &#8230; Ah, that must be exhausting.'
The Big Lebowski (1998)",http://38.media.tumblr.com/tumblr_ly7mtfvmLm1qghl49o1_r5_500.gif
Fear and Loathing in Las Vegas,http://www.imdb.com/title/tt0120669/,http://technoir.nl/post/15885776865/january2012-fearandloathinginlasvegas,"'How long could we maintain? I wondered. How long until one of us starts raving and jabbering at this boy? What will he think then? This same lonely desert was the last known home of the Manson family; will he make that grim connection when my attorney starts screaming about bats and huge manta rays coming down on the car? If so, well, we'll just have to cut his head off and bury him somewhere, 'cause it goes without saying that we can't turn him loose. He'd report us at once to some kind of outback Nazi law enforcement agency and they'll run us down like dogs. Jesus, did I say that? Or just think it? Was I talking? Did they hear me?'
Fear and Loathing in Las Vegas (1998)",http://37.media.tumblr.com/tumblr_lxuhppI88Z1qghl49o1_r1_500.gif
Sen to Chihiro no kamikakushi,http://www.imdb.com/title/tt0245429/,http://technoir.nl/post/15858316696/january2012-sentochihironokamikushi,"'Once you've met someone you never really forget them. It just takes a while for your memories to return.' 
Spirited Away (2001)",http://31.media.tumblr.com/tumblr_lxtfxvm17p1qghl49o1_r1_500.gif
Garden State,http://www.imdb.com/title/tt0333766/,http://technoir.nl/post/15523906159/january2012-gardenstate,"'I made you something. It's a shirt. &#8230; Thats&#8230; That&#8217;s good, thank you. &#8230; Will you try it on now? &#8230; Now? &#8230; Well, in case I have to fix it before you leave again and we don&#8217;t see you for another nine years. I wanna make sure it fits.&#8217;
Garden State (2004)",http://33.media.tumblr.com/tumblr_lxhx7yS53O1qghl49o1_r1_500.gif
Batman Returns,http://www.imdb.com/title/tt0103776/,http://technoir.nl/post/15218893867/january2012-batmanreturns,"'The thought of busting Batman makes me feel all&#8230; dirty. Maybe I'll just give myself a bath right here.'
Batman Returns (1992)",http://31.media.tumblr.com/tumblr_lx7bi8g8LH1qghl49o1_r1_500.gif
Watchmen,http://www.imdb.com/title/tt0409459/,http://technoir.nl/post/15191222493/january2012-watchmen,"&#8216;This city is afraid of me. I have seen its true face. The streets are extended gutters and the gutters are full of blood and when the drains finally scab over, all the vermin will drown. The accumulated filth of all their sex and murder will foam up about their waists and all the whores and politicians will look up and shout: Save us!&#8230; and I&#8217;ll whisper: no.&#8217;
Watchmen (2009)",http://31.media.tumblr.com/tumblr_lx6o61mS6D1qghl49o1_r1_500.gif
Låt den rätte komma in,http://www.imdb.com/title/tt1139797/,http://technoir.nl/post/15130422159/january2012-latdenrattekommain,"'Hit harder than you dare, then they'll stop. &#8230; What if&#8230;? &#8230; Then i'll help you. I can do that'
Let the Right One In (2008)",http://37.media.tumblr.com/tumblr_lx4qltZtfz1qghl49o1_r1_500.gif
Edward Scissorhands,http://www.imdb.com/title/tt0099487/,http://technoir.nl/post/15078052302/december2011-edwardscissorhands,"'How do you know he's still alive? I don't know, not for sure, but I believe he is.'
Edward Scissorhands (1990)",http://31.media.tumblr.com/tumblr_lx2fbsfUcx1qghl49o1_r1_500.gif
The Dark Knight,http://www.imdb.com/title/tt0468569/,http://technoir.nl/post/14933280291/december2011-thedarkknight,"'Introduce a little anarchy. Upset the established order, and everything becomes chaos. I'm an agent of chaos. Oh, and you know the thing about chaos? It's fair!' 
The Dark Knight (2008)",http://38.media.tumblr.com/tumblr_lwxlpmdJUX1qghl49o1_r1_500.gif
Drive,http://www.imdb.com/title/tt0780504/,http://technoir.nl/post/14690303784/december2011-drive,"'If I drive for you, you give me a time and a place. I give you a five-minute window, anything happens in that five minutes and I'm yours no matter what. I don't sit in while you're running it down; I don't carry a gun&#8230; I drive.'
Drive (2011)",http://31.media.tumblr.com/tumblr_lwohp2psoZ1qghl49o1_r2_500.gif
Lost in Translation,http://www.imdb.com/title/tt0335266/,http://technoir.nl/post/14528763361/december2011-lostintranslation,"'I wish we could sleep'
Lost in Translation (2003)",http://31.media.tumblr.com/tumblr_lwiwql3Pl71qghl49o1_r3_500.gif
Control,http://www.imdb.com/title/tt0421082/,http://technoir.nl/post/14356461621/december2011-control,"'Existence. Well, what does it matter? I exist on the best terms I can. The past is now part of my future. The present is well out of hand.'
Control (2007)",http://37.media.tumblr.com/tumblr_lwcuxnUVrW1qghl49o1_r1_500.gif
Marie Antoinette,http://www.imdb.com/title/tt0422720/,http://technoir.nl/post/14088747541/december2011-marieantoinette,"'Isn't that the most beautiful thing you have ever seen?'
Marie Antoinette (2006)",http://38.media.tumblr.com/tumblr_lw2btpsncx1qghl49o1_r3_500.gif
Pi,http://www.imdb.com/title/tt0138704/,http://technoir.nl/post/14060181509/december2011-pi,"'Restate my assumptions: One, Mathematics is the language of nature. Two, Everything around us can be represented and understood through numbers. Three: If you graph the numbers of any system, patterns emerge. Therefore, there are patterns everywhere in nature. Evidence: The cycling of disease epidemics;the wax and wane of caribou populations; sun spot cycles; the rise and fall of the Nile. So, what about the stock market? The universe of numbers that represents the global economy. Millions of hands at work, billions of minds. A vast network, screaming with life. An organism. A natural organism. My hypothesis: Within the stock market, there is a pattern as well&#8230; Right in front of me&#8230; hiding behind the numbers. Always has been.'
Pi (1998)",http://38.media.tumblr.com/tumblr_lw1czb7J3F1qghl49o1_r3_500.gif
Donnie Darko,http://www.imdb.com/title/tt0246578/,http://technoir.nl/post/14038289965/december2011-donniedarko,"'Do you believe in time travel?'
Donnie Darko (2001)",http://37.media.tumblr.com/tumblr_lw0j0lJE7M1qghl49o1_r2_500.gif
Sin City,http://www.imdb.com/title/tt0401792/,http://technoir.nl/post/14022578983/december2011-sincity,"'I have watched you for days. You are everything a man could ever want. It's not just your face, your&#8230;figure or your voice. It's your eyes, all the things I see in your eyes.'
Sin City (2005)",http://38.media.tumblr.com/tumblr_lw02qnyxPb1qghl49o1_r3_500.gif
Requiem For A Dream,http://www.imdb.com/title/tt0180093/,http://technoir.nl/post/13683124651/december2011-requiemforadream,"'You are beautiful. You're the most beautiful girl in the world. You are my dream.' 
Requiem For A Dream (2000)",http://38.media.tumblr.com/tumblr_lvn05ewbkX1qghl49o1_r1_500.gif
Super,http://www.imdb.com/title/tt1512235/,http://technoir.nl/post/13675598770/december2011-super,"'You just sit here and wait for crime to happen?'
SUPER (2010)",http://33.media.tumblr.com/tumblr_lvmo4tJDGU1qghl49o1_r5_500.gif
Stranger Than Fiction,http://www.imdb.com/title/tt0420223/,http://technoir.nl/post/13559873988/november2011-strangerthanfiction,"'It was a really awful day. I know, I made sure of it. So pick up the cookie, dip it in the milk, and eat it.'  
Stranger Than Fiction (2006)",http://33.media.tumblr.com/tumblr_lvhu4kqvRm1qghl49o1_r2_500.gif
Resident Evil,http://www.imdb.com/title/tt0432021/,http://technoir.nl/post/13515027919/november2011-residentevilextinction,"
'Shut her down'
Resident Evil: Exctinction (2007)
",http://31.media.tumblr.com/tumblr_lvg0n9ZUqj1qghl49o1_r3_500.gif
Vivre Sa Vie,http://www.imdb.com/title/tt0056663/,http://technoir.nl/post/13417448556/november2011-vivresavie,"'The more one talks, the less the words mean.'
Vivre Sa Vie (1962)",http://38.media.tumblr.com/tumblr_lvc8e3KPzs1qghl49o1_r3_500.gif
Dark City,http://www.imdb.com/title/tt0118929/,http://technoir.nl/post/13367469874/november2011-darkcity,"'Sleep, now'
Dark City (1998)",http://38.media.tumblr.com/tumblr_lvah6szQZZ1qghl49o1_r5_500.gif
Lost Highway,http://www.imdb.com/title/tt0116922/,http://technoir.nl/post/13364115146/november2011-losthighway,"'Dick Laurent is dead&#8230;'
Lost Highway (1997)",http://37.media.tumblr.com/tumblr_lvadskzRsw1qghl49o1_r4_500.gif
The Terminator,http://www.imdb.com/title/tt0088247/,http://technoir.nl/post/13361213054/november2011-terminator,"'Listen, and understand. That terminator is out there. It can't be bargained with. It can't be reasoned with. It doesn't feel pity, or remorse, or fear. And it absolutely will not stop, ever, until you are dead.'
The Terminator (1984)",http://33.media.tumblr.com/tumblr_lvaatkcURB1qghl49o1_r3_500.gif
